Martespritz,2022-1-16
Martespritz,2022-2-16
La notte dei musei,2022-1-9
Festa scudetto,2022-6-26
Festa scudetto,2022-10-5
Festa scudetto,2022-8-24
A tutto sport,2022-6-19
A tutto sport,2022-2-12
Party night,2022-9-15
Party night,2022-12-10
Party night,2022-9-13
Party night,2022-1-7
Party night,2022-3-26
Facciamo ape!,2022-11-24
Facciamo ape!,2022-1-22
Facciamo ape!,2022-4-14
Facciamo ape!,2022-10-7
Panini day,2022-7-20
Panini day,2022-9-1
Notre Dame de Paris,2022-8-21
Tevere Expò,2022-2-22
Tevere Expò,2022-8-17
Tevere Expò,2022-12-21
Tevere Expò,2022-8-16
Bagni misteriosi Milano,2022-12-21
Bagni misteriosi Milano,2022-12-2
Bagni misteriosi Milano,2022-3-12
Bagni misteriosi Milano,2022-8-26
Bagni misteriosi Milano,2022-5-19
Beviamoci Sud!,2022-7-21
Beviamoci Sud!,2022-8-19
Crazy-La follia nell'arte contemporanea,2022-7-25
Rock Fest,2022-10-27
Rock Fest,2022-6-7
Genius loci,2022-9-15
Genius loci,2022-1-19
RunTevere,2022-9-14
RunTevere,2022-11-3
Cinema virtuale,2022-12-25
Museo delle illusioni,2022-8-9
Museo delle illusioni,2022-10-12
The Louvre Livestream,2022-5-26
The Louvre Livestream,2022-8-10
NASA's Boeing OFT-2 Launch,2022-8-26
Online dance party,2022-5-22
Online dance party,2022-12-7
Online dance party,2022-4-13
Appia Antica Tour,2022-10-1
Appia Antica Tour,2022-1-17
Roma World,2022-4-19
Roma World,2022-7-3
Cooking nel multiverso,2022-12-1
Cooking nel multiverso,2022-2-7
RE-OpenLabs 2022,2022-2-9
Multiplayer.it Fan Fest,2022-4-22
Multiplayer.it Fan Fest,2022-2-13
Ex Astris - Scientia,2022-11-26
Undermoon,2022-3-27
Undermoon,2022-3-15
Undermoon,2022-7-3
University Night Out,2022-8-15
University Night Out,2022-2-19
University Night Out,2022-8-13
University Night Out,2022-3-1
Rock and Wine,2022-10-3
Rock and Wine,2022-11-28
Rock and Wine,2022-5-1
Trek&Yoga in Maddalena,2022-7-23
Trek&Yoga in Maddalena,2022-2-1
