Martespritz,Drink
Martespritz,Locale
La notte dei musei,Mostre e Musei
Festa scudetto,Sport
Festa scudetto,All'aperto
Festa scudetto,Party
A tutto sport,Sport
A tutto sport,All'aperto
Party night,Drink
Party night,Locale
Party night,Dj Set
Party night,Party
Party night,Music
Facciamo ape!,Drink
Facciamo ape!,Eat
Facciamo ape!,Locale
Facciamo ape!,Music
Panini day,Sport
Panini day,All'aperto
Notre Dame de Paris,Spettacolo
Tevere Expò,All'aperto
Tevere Expò,Drink
Tevere Expò,Eat
Tevere Expò,Music
Bagni misteriosi Milano,All'aperto
Bagni misteriosi Milano,Drink
Bagni misteriosi Milano,Eat
Bagni misteriosi Milano,Locale
Bagni misteriosi Milano,Music
Beviamoci Sud!,Drink
Beviamoci Sud!,Eat
Crazy-La follia nell'arte contemporanea,Mostre e Musei
Rock Fest,Music
Rock Fest,Locale
Genius loci,All'aperto
Genius loci,Mostre e Musei
RunTevere,Sport
RunTevere,All'aperto
Cinema virtuale,Spettacolo
Museo delle illusioni,Mostre e Musei
Museo delle illusioni,Spettacolo
The Louvre Livestream,Mostre e Musei
The Louvre Livestream,Online
NASA's Boeing OFT-2 Launch,Online
Online dance party,Online
Online dance party,Dance
Online dance party,Party
Appia Antica Tour,Sport
Appia Antica Tour,All'aperto
Roma World,All'aperto
Roma World,Spettacolo
Cooking nel multiverso,Eat
Cooking nel multiverso,Drink
RE-OpenLabs 2022,Spettacolo
Multiplayer.it Fan Fest,Eat
Multiplayer.it Fan Fest,Drink
Ex Astris - Scientia,Spettacolo
Undermoon,Music
Undermoon,Dj Set
Undermoon,Spettacolo
University Night Out,Dj Set
University Night Out,Party
University Night Out,Music
University Night Out,Locale
Rock and Wine,Music
Rock and Wine,Drink
Rock and Wine,Locale
Trek&Yoga in Maddalena,Sport
Trek&Yoga in Maddalena,All'aperto
